<beans xmlns="http://www.springframework.org/schema/beans"
	xmlns:xsi="http://www.w3.org/2001/XMLSchema-instance"
	xmlns:context="http://www.springframework.org/schema/context"
	xsi:schemaLocation="http://www.springframework.org/schema/beans
    http://www.springframework.org/schema/beans/spring-beans-3.0.xsd
    http://www.springframework.org/schema/context
    http://www.springframework.org/schema/context/spring-context-3.0.xsd">
    <context:annotation-config></context:annotation-config>
	<bean class="com.iverson.springcore.Employee" id="emp"  scope="singleton">
		<property name="eid" value="123"></property>
		<property name="ename" value="sandeep"></property>
		<property name="esal" value="8000"></property>
		<property name="edesg" value="trainer"></property>

	</bean>
	
	<bean class="com.iverson.springcore.Address" id="address">
		<property name="hno" value="44"></property>
		<property name="colony" value="bankcolony"></property>
		<property name="city" value="hyderabad"></property>
		<property name="pincode" value="500074"></property>
	</bean>
</beans>